PTW_No,Date_Issued,Valid_Until,Type,Location,Chainage,Description,Issued_To,Authorized_By,Status,Closed_Date,Comments
PTW-2025-0101,2025-06-01,2025-06-01,Hot Work,Spread A - Mainline,1+200,Mainline welding of 24in pipe joints J-010 to J-018,Apex Pipeline Services (CW-02),R. Iyer,Closed,2025-06-01,Welding completed without incident; fire watch signed off
PTW-2025-0102,2025-06-01,2025-06-03,Excavation,Spread A - Trench,3+000 to 4+500,Open cut trench excavation 2.2m depth in clay/silt soil,Delta Civil Co (CW-05),S. Menon,Closed,2025-06-03,Trench excavated and sloped; daily safety sign-off completed
PTW-2025-0103,2025-06-02,2025-06-02,Radiography,Spread A - Mainline,0+800 to 1+500,Gamma radiography Ir-192 inspection of 15 mainline weld joints,Ridgeline Constructors (CW-04),K. Bhatt,Closed,2025-06-02,Night shift NDT; 50m exclusion zone enforced; source safely returned
PTW-2025-0104,2025-06-03,2025-06-04,Lifting,Spread A - Pipe Yard,0+000,Tandem lift offloading of 24in pipe spools using 50T mobile cranes,Apex Pipeline Services (CW-01),R. Iyer,Closed,2025-06-04,Engineered lift plan executed; wind speed within 20 knot limit
PTW-2025-0105,2025-06-04,2025-06-05,Confined Space,Spread A - Bell Hole,5+400,Tie-in weld pit entry and joint fit-up in 2.8m deep excavated bell hole,Apex Pipeline Services (CW-02),J. Torres,Closed,2025-06-05,Continuous 4-gas monitoring maintained; rescue harness on standby
PTW-2025-0106,2025-06-06,2025-06-07,Hot Work,Spread A - Mainline,5+400,Root pass repair and re-welding on NCR-2025-011 joints,Apex Pipeline Services (CW-02),R. Iyer,Closed,2025-06-07,Welds completed per WPS-04 repair procedure; awaiting RT
PTW-2025-0107,2025-06-08,2025-06-08,Radiography,Spread A - Mainline,5+300 to 5+500,Radiographic re-examination of repaired welds at CH 5+400,Ridgeline Constructors (CW-04),K. Bhatt,Closed,2025-06-08,NDT clearance verified; NCR closure pending client sign-off
PTW-2025-0108,2025-06-09,2025-06-11,Excavation,Spread B - ROW,13+000 to 14+500,Mechanical trenching in weathered sandstone,Delta Civil Co (CW-05),S. Menon,Closed,2025-06-11,Rock ripping completed; trench profile verified by civil surveyor
PTW-2025-0109,2025-06-10,2025-06-12,Lifting,River Crossing,8+400,Rigging and positioning 36in reamer assembly for HDD rig,Apex Pipeline Services (HDD Crew),A. Fernandes,Closed,2025-06-12,Heavy reamer mounted safely onto drill string
PTW-2025-0110,2025-06-12,2025-06-13,Electrical Isolation,PS-1 Substation,PS-1,Lockout/Tagout (LOTO) for high-voltage switchgear panel termination,Delta Civil Co (CW-06),J. Torres,Closed,2025-06-13,11kV busbar de-energized tested dead and earthed
PTW-2025-0111,2025-06-14,2025-06-15,Hot Work,Spread B - Mainline,15+200,Pipeline mainline welding joints J-140 to J-152,Ridgeline Constructors (CW-03),R. Iyer,Closed,2025-06-15,Daily welding quota completed; no hot work anomalies
PTW-2025-0112,2025-06-16,2025-06-16,Radiography,Spread B - Mainline,15+000 to 15+500,Night-time gamma RT of Spread B mainline joints,Ridgeline Constructors (CW-04),K. Bhatt,Closed,2025-06-16,Radiation boundary monitored; all 12 joints inspected
PTW-2025-0113,2025-06-18,2025-06-19,Excavation,PS-1 Foundation,PS-1,Excavation for pump foundation F-04 and oily water drainage sump,Delta Civil Co (CW-06),S. Menon,Closed,2025-06-19,Underground utilities scanned with CAT scanner before digging
PTW-2025-0114,2025-06-20,2025-06-21,Confined Space,PS-1 Concrete Sump,PS-1,Internal waterproofing coating application inside 3m deep concrete sump,Delta Civil Co (CW-06),J. Torres,Closed,2025-06-21,Forced ventilation operated continuously; VOC levels checked
PTW-2025-0115,2025-06-22,2025-06-23,Lifting,Spread A - Mainline,7+100,Sideboom lowering-in operation of welded pipeline string (300m section),Ridgeline Constructors (CW-01),S. Menon,Closed,2025-06-23,4-sideboom synchronized lowering-in executed smoothly
PTW-2025-0116,2025-06-24,2025-06-25,Hot Work,Spread A - Tie-in,8+100,Golden tie-in weld preparation upstream of HDD river crossing,Apex Pipeline Services (CW-02),R. Iyer,Closed,2025-06-25,Bevels pre-heated to 120C; welding habitat erected
PTW-2025-0117,2025-06-26,2025-06-27,Electrical Isolation,PS-1 MCC Room,PS-1,LOTO for emergency diesel generator transfer switch testing,Delta Civil Co (CW-06),J. Torres,Closed,2025-06-27,Padlocks and tags verified; functional test successful
PTW-2025-0118,2025-06-28,2025-06-29,Radiography,Spread A - Mainline,7+000 to 7+800,Radiography backlog clearance on 18 mainline welds,Ridgeline Constructors (CW-04),K. Bhatt,Closed,2025-06-29,Catch-up shift completed; RT backlog reduced to 7 days
PTW-2025-0119,2025-06-30,2025-07-02,Excavation,Spread B - Mainline,18+000 to 20+000,Trench excavation in loose gravel and sand,Delta Civil Co (CW-05),S. Menon,Closed,2025-07-02,Benching verified by third-party inspector
PTW-2025-0120,2025-07-03,2025-07-04,Lifting,PS-1 Pump Bay,PS-1,Rigging and setting of temporary structural steel skids,Delta Civil Co (CW-06),R. Iyer,Closed,2025-07-04,25T rough terrain crane used; outriggers on timber mats
PTW-2025-0121,2025-07-08,2025-07-10,Confined Space,Spread B - Culvert,16+800,Culvert sleeve inspection and casing insulator installation,Ridgeline Constructors (CW-03),J. Torres,Expired,2025-07-10,Work delayed due to storm runoff; permit expired without entry; re-issue required
PTW-2025-0122,2025-07-12,2025-07-13,Radiography,Spread B - Mainline,19+000 to 19+800,Radiographic examination of 14 mainline joints,Ridgeline Constructors (CW-04),K. Bhatt,Expired,2025-07-13,Night shift rained out after 4 joints; permit expired remainder shifted to new PTW
PTW-2025-0123,2025-07-20,2025-07-25,Hot Work,Spread B - Mainline,21+000 to 22+500,Mainline welding of 24in pipe joints J-210 to J-245,Apex Pipeline Services (CW-07),R. Iyer,Active,,Ongoing welding operation; daily gas testing and fire watch active
PTW-2025-0124,2025-07-22,2025-07-26,Excavation,Spread B - Trench,22+000 to 23+500,Continuous mechanical trenching and rock sawing,Delta Civil Co (CW-05),S. Menon,Active,,Active trenching front; daily morning inspection valid
PTW-2025-0125,2025-07-24,2025-07-27,Lifting,River Crossing,8+400,Rigging and positioning revised HDD drill string and mud recovery unit,Apex Pipeline Services (HDD Crew),A. Fernandes,Active,,Geotechnical reassessment complete; heavy tooling lift in progress
